word,freq
stakeholder(s),197
policy(ies),192
process(es),189
multistakeholder,152
need(s),133
information,131
model,125
development,123
government(s),121
network(s),121
organization(s),119
open(ness),116
society(ies),113
business(es),110
service(s),106
technology(ies),105
access,103
discussion(s),103
technical,94
security,91
future,87
right(s),84
user(s),79
evolution,78
communication(s),78
growth,76
support,76
netmundial,75
mechanism(s),74
country(ies),73
community(ies),68
ecosystem(s),66
opportunity(ies),65
economic,64
participation,60
public,60
innovation(s),58
icann,56
industry,56
mobile,55
human,54
national,54
people,54
change(s),54
structure(s),54
infrastructure(s),53
online,52
effort(s),52
social,51
create(s),51
standard(s),50
data,49
interest(s),49
framework(s),48
body(ies),48
transparent,47
environment(s),47
system(s),47
brazil,46
developing,46
institution(s),46
privacy,45
private,45
association(s),45
decision(s),45
benefit(s),45
function(s),44
individual(s),44
igf,43
stability,43
state(s),43
developed,42
approach(es),42
address(es),42
better,41
freedom(s),41
company(ies),40
activity(ies),40
civil,39
free,39
inclusive,38
critical,37
consensus,36
law,36
group(s),36
impact,35
nature,34
protection,34
participate(s),34
challenge(s),34
effective,33
content(s),33
digital,32
necessary,31
time,29
iana,28
decision-making,27
diversity,27
respect,27
idea(s),27
appropriate,26
fundamental,26
forum,25
interoperability,25
members,25
therefore,25
accountability,24
equal,24
help,24
include,24
single,24
solutions,24
there,24
actors,23
around,23
core,23
diverse,23
evolve,23
forums,23
further,23
meetings,23
section,23
see,23
stable,23
success,23
understanding,23
universal,23
working,23
available,22
building,22
contribute,22
democratic,22
develop,22
fora,22
improve,22
investment,22
leading,22
management,22
much,22
operators,22
place,22
resources,22
risk,22
secure,22
towards,22
transparency,22
debate,21
dialogue,21
example,21
globally,21
high,21
legal,21
needed,21
participants,21
platform,21
political,21
reach,21
rule,21
worldwide,21
allow,20
already,20
applications,20
broadband,20
coalition,20
creation,20
economy,20
functionality,20
google,20
knowledge,20
recognize,20
regulatory,20
serve,20
sustainable,20
value,20
views,20
while,20
capacity(ies),20
become,19
changing,19
commercial,19
common,19
connectivity,19
considered,19
contribution,19
cooperation,19
cultural,19
due,19
enable,19
entities,19
first,19
focus,19
local,19
parties,19
rather,19
regarding,19
regional,19
roles,19
rules,19
supports,19
trust,19
years,19
citizen(s),19
adoption,18
all,18
arrangements,18
expression(s),18
ict,18
interoperable,18
look,18
point,18
seek,18
view,18
ability,17
agreement,17
april,17
confidence,17
end,17
engage,17
facilitate,17
good,17
great,17
held,17
importance,17
increase,17
increasing,17
india,17
investments,17
just,17
lead,17
power,17
products,17
proposals,17
providers,17
remain,17
safe,17
sao,17
sectors,17
share,17
subject,17
submission,17
technological,17
achieve,16
agenda,16
build,16
clear,16
commerce,16
dynamic,16
engagement,16
identify,16
inclusion,16
outcomes,16
particularly,16
practice,16
resilient,16
scope,16
shared,16
specific,16
threats,16
values,16
and,15
barriers,15
basic,15
chamber,15
comments,15
concerns,15
context,15
currently,15
cyber,15
difficult,15
domain,15
every,15
flow,15
footing,15
governmental,15
increased,15
interconnected,15
levels,15
manner,15
norms,15
now,15
offer,15
others,15
potential,15
review,15
strengthened,15
tunis,15
using,15
witsa,15
yet,15
accountable,14
allows,14
architecture,14
aspects,14
creating,14
cybersecurity,14
economies,14
emerging,14
evolved,14
foster,14
given,14
interested,14
last,14
layers,14
major,14
market,14
million,14
number,14
operational,14
paulo,14
play,14
producers,14
representatives,14
result,14
risks,14
since,14
taken,14
accessible,13
according,13
collaborative,13
conference,13
dimension,13
discussed,13
encourage,13
enhanced,13
established,13
everyone,13
exchange,13
globalization,13
intel,13
involvement,13
laws,13
maintain,13
maintaining,13
measures,13
models,13
often,13
overall,13
providing,13
range,13
responsible,13
successful,13
trade,13
vital,13
worked,13
action,12
agreed,12
another,12
any,12
apply,12
bring,12
carefully,12
connect,12
contributing,12
council,12
directly,12
discuss,12
enhance,12
fully,12
goals,12
harm,12
identifying,12
ongoing,12
orange,12
paolo,12
physical,12
preserving,12
protect,12
rapidly,12
recent,12
regulation,12
requires,12
several,12
sharing,12
space,12
step,12
topic,12
understand,12
ways,12
wsis,12
control(s),12
academia,11
addressed,11
addressing,11
cgi,11
collaboration,11
commitment,11
competition,11
connected,11
consider,11
cybernetic,11
cyberspace,11
defined,11
devices,11
documents,11
education,11
encouraging,11
exist,11
found,11
foundation,11
goal,11
ietf,11
improved,11
initiative,11
main,11
matters,11
offline,11
our,11
progress,11
proposed,11
protocols,11
provides,11
rapid,11
reflect,11
resiliency,11
resolution,11
seen,11
submit,11
such,11
telecom,11
tool,11
unique,11
used,11
variety,11
welcomes,11
act,10
active,10
actively,10
additional,10
ahciet,10
always,10
associated,10
avoid,10
awareness,10
balance,10
base,10
brazilian,10
choice,10
commission,10
computer,10
consideration,10
continuous,10
demand,10
deployment,10
detailed,10
examples,10
flexibility,10
grow,10
growing,10
icc,10
includes,10
input,10
least,10
less,10
meet,10
nations,10
output,10
past,10
pleased,10
points,10
practices,10
preserved,10
primary,10
que,10
questions,10
represents,10
software,10
solution,10
submitted,10
supported,10
taking,10
want,10
welcome,10
whether,10
with,10
(igf),9
account,9
adapt,9
advantage,9
affect,9
affecting,9
africa,9
billion,9
case,9
children,9
concepts,9
connections,9
consumers,9
continuing,9
contributions,9
crucial,9
debates,9
define,9
deliver,9
dispute,9
driven,9
fair,9
form,9
give,9
hundreds,9
implementation,9
improving,9
inc,9
intellectual,9
intergovernmental,9
lack,9
legitimacy,9
lives,9
localization,9
map,9
meaningful,9
media,9
multilateral,9
multiple,9
net,9
note,9
oecd,9
outside,9
parts,9
preserve,9
property,9
put,9
relationship,9
report,9
requirements,9
resilience,9
response,9
responsibilities,9
responsibility,9
setting,9
shape,9
standardization,9
still,9
strongly,9
surveillance,9
terms,9
TRUE,9
underlying,9
upon,9
voluntary,9
wide,9
actions,8
agreements,8
alliance,8
america,8
appreciates,8
attacks,8
becomes,8
brings,8
built,8
cases,8
cloud,8
come,8
complex,8
conditions,8
considerably,8
considerations,8
considering,8
consistent,8
continues,8
coordination,8
cost,8
crimes,8
customers,8
day--day,8
decentralized,8
defense,8
definition,8
dissemination,8
dynamics,8
establish,8
establishing,8
etno,8
europe,8
european,8
expand,8
expanding,8
expansion,8
fact,8
field,8
fight,8
focused,8
gsma,8
guarantee,8
identified,8
influence,8
innovative,8
instance,8
invest,8
involve,8
itu,8
large,8
long,8
makes,8
markets,8
member,8
might,8
name,8
neutrality,8
operate,8
pace,8
perspective,8
promoting,8
putting,8
quite,8
real,8
recognise,8
recording,8
rely,8
respected,8
robust,8
simply,8
unprecedented,8
uses,8
vibrant,8
what,8
when,8
addition,7
affordable,7
allowed,7
analysis,7
applied,7
attention,7
balanced,7
board,7
borders,7
brought,7
called,7
cctld,7
changed,7
cisco,7
com,7
committee,7
consequences,7
date,7
designed,7
determine,7
done,7
efficient,7
electronic,7
enabled,7
enables,7
enough,7
entertainment,7
event,7
expertise,7
federation,7
finally,7
finding,7
five,7
force,7
four,7
fundamentally,7
generally,7
globe,7
govern,7
greatest,7
inclusiveness,7
indeed,7
initiatives,7
instead,7
internet-related,7
introduction,7
largest,7
liability,7
light,7
march,7
multi,7
names,7
obligations,7
penetration,7
personal,7
phonogram,7
platforms,7
population,7
practical,7
prevent,7
problems,7
program,7
regions,7
reliability,7
remote,7
representative,7
represented,7
required,7
seamless,7
separate,7
significantly,7
sinditelebrasil,7
source,7
south,7
speed,7
statement,7
suggest,7
throughout,7
thus,7
tia,7
tools,7
traffic,7
turn,7
verizon,7
whole,7
wider,7
(basis),6
(http,6
(icc),6
//ow,6
accepted,6
acknowledge,6
adequate,6
adopt,6
advancing,6
advisory,6
agencies,6
allowing,6
almost,6
although,6
anonymity,6
appear,6
appreciate,6
appropriately,6
area,6
arise,6
because,6
bottom-,6
bringing,6
central,6
certain,6
chain,6
characteristics,6
characterized,6
computing,6
concern,6
concrete,6
considerable,6
costs,6
course,6
creativity,6
driving,6
either,6
elements,6
encouraged,6
engineering,6
enterprise,6
entire,6
euroispa,6
ever,6
evolving,6
expected,6
experts,6
external,6
far,6
financial,6
find,6
flexible,6
flourish,6
get,6
governed,6
greater,6
greatly,6
healthy,6
hosting,6
identification,6
improvement,6
improvements,6
incident,6
included,6
innovate,6
intermediaries,6
its,6
jobs,6
kind,6
known,6
legitimate,6
list,6
looks,6
match,6
matter,6
mean,6
microsoft,6
moreover,6
normative,6
once,6
operated,6
operating,6
operation,6
opinion,6
organizers,6
oversight,6
partners,6
performance,6
perspectives,6
positive,6
possibility,6
potentially,6
powerful,6
produce,6
prosperity,6
protected,6
protocol,6
quality,6
question,6
quickly,6
recently,6
reduce,6
reference,6
reflects,6
registry,6
regulations,6
remains,6
represent,6
representation,6
resolved,6
resource,6
respectfully,6
respective,6
sense,6
short,6
speech,6
statements,6
stimulated,6
strength,6
substance,6
suggested,6
suited,6
supporting,6
sustainability,6
task,6
think,6
third,6
thousands,6
top,6
top-,6
touch,6
toward,6
transformative,6
treatment,6
try,6
types,6
united,6
universality,6
unnecessary,6
voice,6
widely,6
wireless,6
year,6
abranet,5
academic,5
accordingly,5
adopted,5
advance,5
affected,5
aimed,5
aligned,5
answer,5
anyone,5
application,5
arc,5
availability,5
billions,5
but,5
cable,5
capabilities,5
capture,5
care,5
challenging,5
circumstances,5
clearly,5
collaborate,5
collective,5
committed,5
complexity,5
concept,5
conclusions,5
congratulate,5
connecting,5
consumer,5
contact,5
coordinate,5
corporation,5
crime,5
criminals,5
cybercrime,5
day,5
dealing,5
dealt,5
decades,5
delivering,5
delivery,5
direct,5
distinction,5
distinguish,5
distributed,5
easier,5
economically,5
effectively,5
effectiveness,5
effects,5
efficiency,5
element,5
enhancing,5
entrants,5
exercised,5
expanded,5
express,5
facilitated,5
facilitating,5
fast,5
feel,5
foundations,5
freely,5
full,5
functional,5
funded,5
globalisation,5
going,5
governana,5
guide,5
handle,5
health,5
higher,5
horizon,5
host,5
implement,5
implementing,5
impose,5
imposing,5
incentives,5
inclusivity,5
incorporate,5
independent,5
informao,5
interact,5
interactions,5
interconnection,5
intermediary,5
involving,5
isoc,5
it's,5
italia,5
keep,5
kinds,5
legislation,5
level-playing,5
limited,5
live,5
location,5
low,5
mainly,5
mentioned,5
methods,5
mission,5
montevideo,5
moving,5
music,5
naming,5
nearly,5
not,5
numerous,5
objectives,5
ones,5
operations,5
opposed,5
participating,5
perceived,5
percent,5
person,5
phases,5
played,5
plays,5
policymaking,5
possibilities,5
predictable,5
present,5
president,5
princpios,5
procedures,5
promotion,5
protecting,5
provided,5
purposes,5
reality,5
reason,5
recognized,5
recognizes,5
recognizing,5
recommendations,5
rede,5
reflected,5
regimes,5
representing,5
road,5
san,5
science,5
similar,5
small,5
steps,5
stimulate,5
strategy,5
strengthen,5
strengths,5
strong,5
subscribers,5
subsidiarity,5
suggests,5
telefnica,5
telefonica,5
tensions,5
term,5
thereby,5
those,5
three,5
topics,5
treated,5
type,5
undermine,5
undertaken,5
unintended,5
valuable,5
via,5
video,5
visible,5
vision,5
widespread,5
root(s),5
(icann),4
(ietf),4
(witsa),4
about,4
abstract,4
abuse,4
accelerate,4
accelerating,4
accept,4
accordance,4
administrative,4
aficta,4
african,4
agree,4
aims,4
alternative,4
american,4
applaud,4
appreciation,4
big,4
brasil,4
broader,4
calls,4
carried,4
categories,4
century,4
clarify,4
closely,4
coherent,4
comes,4
commit,4
committees,4
communicate,4
competence,4
competitive,4
comprehensive,4
conclusion,4
conflicts,4
consensus-based,4
construction,4
consultation,4
consultative,4
contract,4
contractual,4
conversation,4
cooperative,4
cstd,4
customs,4
cyber-security,4
dados,4
daily,4
das,4
deal,4
dedicated,4
deemed,4
democracy,4
demonstrated,4
depend,4
depends,4
describe,4
developers,4
developments,4
dialog,4
diffusion,4
discrimination,4
divergent,4
dns,4
early,4
easy,4
empowerment,4
enabling,4
endangering,4
engaged,4
engine,4
enhancement,4
entirely,4
equally,4
equipment,4
etc,4
examine,4
factor,4
factors,4
fall,4
fantastic,4
fast-changing,4
february,4
formed,4
fostered,4
fostering,4
foundational,4
fourth,4
gap,4
gaps,4
gdp,4
generated,4
geographic,4
gives,4
goods,4
governing,4
guaranteed,4
guiding,4
hand,4
happens,4
here,4
high-level,4
hoc,4
icts,4
igfs,4
increasingly,4
innovators,4
instruments,4
integrity,4
intelligence,4
intensity,4
introduced,4
isf,4
job,4
jurisdiction,4
know,4
layer,4
layered,4
layering,4
led,4
likely,4
majority,4
manage,4
mckinsey,4
meaningfully,4
messaging,4
mexico,4
mid-,4
mind,4
minimum,4
minors,4
move,4
multilingual,4
natural,4
navigate,4
negative,4
neutral,4
never,4
newcomer,4
next,4
noting,4
numbering,4
numbers,4
objective,4
offers,4
opening,4
outcome,4
overlapping,4
path,4
people's,4
per,4
perfect,4
persons,4
planet,4
positions,4
presence,4
preservation,4
previously,4
primarily,4
productivity,4
programs,4
proposes,4
proved,4
publishers,4
recognition,4
reducing,4
regard,4
registries,4
relation,4
relationships,4
remit,4
requiring,4
resolve,4
restore,4
resulted,4
say,4
scale,4
school,4
second,4
seeks,4
segments,4
separation,4
served,4
serves,4
sessions,4
shown,4
shows,4
side,4
similarly,4
situation,4
sizes,4
societal,4
some,4
sometimes,4
sovereignty,4
spirit,4
stake,4
starting,4
status,4
stay,4
stop,4
strengthening,4
stronger,4
structured,4
suggestions,4
telecommunication,4
text,4
thanks,4
theft,4
things,4
thinking,4
threat,4
thriving,4
total,4
traditional,4
transport,4
travel,4
two-thirds,4
underway,4
urge,4
valid,4
variable,4
wants,4
works,4
-phase,3
(iab),3
(ict),3
(netmundial),3
***,3
accelerated,3
acceptance,3
accessibility,3
accommodate,3
achieved,3
acknowledges,3
activists,3
advent,3
advocacy,3
affirm,3
affirmation,3
against,3
agents,3
ago,3
alone,3
arena,3
article,3
assets,3
assigned,3
assuring,3
atravs,3
attend,3
attributes,3
audience,3
authority,3
aware,3
bandwidth,3
barrier,3
begin,3
behalf,3
behind,3
beliefs,3
biggest,3
binding,3
blocked,3
both,3
broaden,3
cables,3
capability,3
carries,3
carry,3
cause,3
cctlds,3
certainly,3
channels,3
child,3
choose,3
chosen,3
circle,3
clarifying,3
close,3
code,3
collectively,3
coming,3
compact,3
competing,3
completely,3
compliance,3
complicated,3
compromise,3
concentration,3
concerned,3
conducted,3
connects,3
consortium,3
constant,3
constituencies,3
constitutes,3
constraints,3
contexts,3
contributed,3
controversial,3
convention,3
conversations,3
criteria,3
dangerous,3
deals,3
deliberate,3
despite,3
deutsche,3
direction,3
disseminate,3
dna,3
document,3
dos,3
draft,3
dramatically,3
draw,3
drive,3
duplication,3
duty,3
easily,3
economics,3
encourages,3
enforcement,3
ensured,3
ensures,3
enterprises,3
entrepreneurs,3
entry,3
equality,3
ethical,3
eventually,3
everyday,3
evoluo,3
excluding,3
exercise,3
existence,3
exists,3
experienced,3
extend,3
extends,3
face,3
facebook,3
facing,3
favor,3
fiber,3
filtering,3
final,3
fit,3
follows,3
forget,3
forms,3
fraud,3
from,3
functioning,3
funding,3
gac,3
garantia,3
generate,3
geneva,3
geometry,3
globalized,3
grown,3
guided,3
guidelines,3
happen,3
hardware,3
heart,3
heterogeneity,3
highly,3
home,3
how,3
html,3
identity,3
illegal,3
imposition,3
inappropriate,3
industries,3
inflection,3
inform,3
inherent,3
institute,3
integrated,3
intended,3
inter-governmental,3
interactive,3
internal,3
internationalisation,3
interpretation,3
introducing,3
invested,3
isps,3
join,3
judicial,3
laid,3
landscape,3
languages,3
largely,3
launch,3
leader,3
leaving,3
lens,3
life,3
limit,3
literacy,3
logistics,3
maintenance,3
malicious,3
managed,3
manages,3
mandated,3
massive,3
maximum,3
meaning,3
measure,3
medical,3
merit,3
merits,3
mile,3
millions,3
missions,3
money,3
months,3
mozilla,3
multi-lateral,3
mundial,3
nation,3
non-discriminatory,3
noted,3
nurtured,3
occur,3
opinions,3
options,3
organize,3
oriented,3
outreach,3
outset,3
paramount,3
parents,3
peering,3
perception,3
perhaps,3
pertaining,3
phase,3
phonographic,3
plan,3
plans,3
players,3
politics,3
populations,3
position,3
precisely,3
preferential,3
premier,3
prepare,3
presented,3
pressures,3
prevention,3
prices,3
privileges,3
proactively,3
production,3
productive,3
promoted,3
proper,3
proportion,3
proposal,3
propose,3
purpose,3
rate,3
reaching,3
realization,3
realize,3
really,3
record,3
reduced,3
referred,3
reform,3
region,3
regular,3
regulating,3
regulators,3
relating,3
relatively,3
relevance,3
relies,3
religious,3
remarkable,3
remarkably,3
require,3
research,3
responsive,3
rest,3
restrictions,3
resulting,3
retain,3
revealed,3
roll-,3
safeguard,3
seat,3
seeking,3
segurana,3
set-,3
shaping,3
situations,3
sociaty,3
socio-economic,3
solve,3
something,3
sophisticated,3
sovereign,3
specialized,3
spectrum,3
spread,3
stage,3
start,3
stated,3
stem,3
storage,3
stress,3
studies,3
submits,3
sufficiently,3
suitable,3
summary,3
sure,3
table,3
teams,3
technique,3
telekom,3
territories,3
territory,3
thank,3
thrived,3
timely,3
tld,3
top-level,3
training,3
transactions,3
twenty,3
ubiquitous,3
unaccountability,3
uncertainty,3
unconnected,3
undersea,3
undoubtedly,3
unknown,3
upcoming,3
urges,3
usage,3
useful,3
venues,3
viewed,3
virtuous,3
voices,3
war,3
where,3
whereby,3
worth,3
wto,3
www,3
-called,2
(aficta),2
(b),2
(ccbi),2
(cgi,2
(february),2
(gipo),2
(icann,2
(including,2
(ip),2
(isoc),2
(oecd,2
(placeholder,2
(representing,2
(wsis),2
//ssrn,2
academia),2
academics,2
acceptable,2
accident,2
accounts,2
accurate,2
accurately,2
achievement,2
actionable,2
actually,2
adding,2
administrations,2
adobe,2
adopting,2
advanced,2
advancement,2
advances,2
aegis,2
age,2
agility,2
ahead,2
aim,2
align,2
alignment,2
alike,2
along,2
alter,2
alternatives,2
amazing,2
ambition,2
amount,2
ample,2
analogous,2
analysed,2
annual,2
answers,2
anticipated,2
anything,2
anywhere,2
aoc,2
apc,2
app,2
applicable,2
apps),2
architectural,2
are,2
arguments,2
arisen,2
arrogation,2
aspect,2
assembly,2
assessment,2
assure,2
attendance,2
audiences,2
audit,2
authentication,2
authors,2
autonomy,2
average,2
away,2
back,2
balances,2
bear,2
becoming,2
began,2
beginning,2
behavior,2
behaviour,2
belong,2
below,2
beyond,2
bilateral,2
bottlenecking,2
bottom,2
br),2
brazil-u,2
breaches,2
breadth,2
bridge,2
bridging,2
broadening,2
broadly,2
builds,2
burdensome,2
calling,2
canada,2
capable,2
careful,2
caused,2
causes,2
caution,2
cautious,2
cent,2
center,2
centred,2
certainty,2
chambers,2
chaos,2
character,2
characterizes,2
choices,2
christopher,2
civic,2
clarifies,2
coai,2
codifying,2
collaboratively,2
com/abstract=,2
comit,2
commends,2
commission),2
commitments,2
commons,2
como,2
comparable,2
compared,2
compete,2
component,2
composed,2
composers,2
concerning,2
conferences,2
confidentiality,2
conflated,2
confusing,2
conjuncture,2
conscious,2
consequence,2
considers,2
consistently,2
constitute,2
constitutional,2
constructive,2
contains,2
continuation,2
continuity,2
continuously,2
contrary,2
contrast,2
contributes,2
controlled,2
coordinating,2
cope,2
copyright,2
corner,2
count,2
country-code,2
covering,2
craft,2
credibility,2
criminal,2
cross,2
cross-border,2
cross-jurisdictional,2
culture,2
days,2
debated,2
decentralization,2
decide,2
decision-makers,2
decisionmaking,2
decrease,2
deep,2
defending,2
degree,2
delegation,2
deloitte,2
demands,2
democratically-elected,2
democratised,2
department,2
dependability,2
dependence,2
depending,2
deploy,2
deployed,2
design,2
designing,2
desired,2
desta,2
dictate,2
difference,2
differentiation,2
differs,2
difficulties,2
diminished,2
directed,2
direito,2
disadvantaged,2
disagreements,2
discouraging,2
discusses,2
discussing,2
disposal,2
disputes,2
disseminated,2
distinct,2
distribution,2
diversified,2
divide,2
division,2
doesn,2
domains,2
dominates,2
dominican,2
don,2
driver,2
durban,2
e-commerce,2
each,2
economia,2
educational,2
educators,2
effect,2
efficiently,2
eliminating,2
elsewhere,2
embrace,2
emergency,2
empower,2
empowering,2
encompass,2
encompasses,2
endorse,2
enemy,2
enforce,2
engaging,2
engines,2
enshrined,2
entre,2
envisages,2
equalizer,2
equals,2
essence,2
eurodig,2
evaluated,2
evolves,2
excellent,2
excessive,2
exchanges,2
exercises,2
exhaustive,2
expect,2
experiences,2
explain,2
explicit,2
exponential,2
extended,2
extending,2
extensive,2
extent,2
extraordinary,2
fabricio,2
faced,2
facilitates,2
failure,2
falls,2
FALSE,2
favored,2
feasible,2
features,2
fighting,2
file,2
film,2
fixed,2
flourished,2
flows,2
focuses,2
follow,2
footprint,2
forced,2
formation,2
forward-looking,2
fosters,2
founded,2
front,2
frontiers,2
fruitful,2
fueled,2
fulfilled,2
funds,2
furthermore,2
gain,2
gaining,2
garantir,2
gatherings,2
gender,2
generating,2
generation,2
generations,2
generic,2
generis,2
geographical,2
geographies,2
germany,2
gestor,2
globalize,2
govt,2
granted,2
grassroots,2
grows,2
gtld,2
guidance,2
hacking,2
hacktivism,2
hampering,2
happy,2
hard,2
healthcare,2
heard,2
heavily,2
helpful,2
helping,2
heterogynous,2
high-impact,2
highlight,2
highlighted,2
historical,2
historically,2
history,2
huge,2
i-stars,2
iap,2
icann/iana,2
iccwbo,2
identifiers,2
ifpi,2
ignoring,2
illicit,2
imagine,2
impacted,2
impede,2
implemented,2
implicit,2
implies,2
importante,2
importantly,2
incentive,2
incorporated,2
increases,2
indicating,2
informal,2
infraestrutura,2
initially,2
initiated,2
innovator,2
instant,2
institutional,2
instrumental,2
integral,2
integrate,2
integration,2
interaction,2
interdependence,2
interference,2
interferences,2
interlocutors,2
internationally,2
internet?,2
interpreted,2
intersect,2
intervention,2
introduce,2
investing,2
inviolabilidade,2
june,2
juridical,2
jurisdictions,2
lacnic,2
larger,2
lasting,2
latest,2
latin,2
leaders,2
learning,2
legitimation,2
lengthy,2
lenses,2
let,2
libel,2
lights,2
limitations,2
limits,2
lines,2
linguistic,2
link,2
linked,2
links,2
listened,2
livre,2
locally,2
long-term,2
longer,2
losses,2
lot,2
ly/tuzqv),2
machine,2
makers,2
malaysia,2
managing,2
mandate,2
mandates,2
mapping,2
marginal,2
market-based,2
marketing,2
mass,2
material,2
maximize,2
mention,2
merely,2
methodical,2
methodology,2
mexican,2
migrated,2
militias,2
mitigate,2
modems,2
modern,2
momentum,2
morals,2
more,2
most,2
motivations,2
moves,2
multifaceted,2
multitude,2
naes,2
narrowly,2
nas,2
nationality,2
natureza,2
necessity,2
negotiations,2
neither,2
networked,2
networking,2
nevertheless,2
nimble,2
nimbly,2
non-government,2
non-nationals,2
non-profit,2
non-state,2
non-technical,2
nondiscriminatory,2
nsa,2
object,2
observatory,2
obviously,2
occurs,2
offered,2
ons,2
operates,2
opposes,2
opposite,2
optimal,2
org/basis,2
original,2
otherwise,2
overarching,2
overload,2
overly,2
pages,2
panel,2
panels,2
paper,2
para,2
paragraph,2
participant,2
participatory,2
party,2
pelo,2
performed,2
period,2
permanent,2
philosophy,2
phone,2
phones,2
pii,2
playing,2
please,2
plenipotentiary,2
pluralistic,2
plus,2
pode,2
police,2
policymakers,2
politicization,2
politicized,2
poor,2
por,2
post,2
potencies,2
prepared,2
prescriptive,2
preventive,2
principles),2
privacidade,2
problem,2
proceed,2
produces,2
professional,2
profits,2
profound,2
project,2
projects,2
promotes,2
proof,2
properly,2
protects,2
proven,2
provider,2
provision,2
published,2
punished,2
purely,2
pursue,2
pursuing,2
quo,2
raise,2
rationale,2
reached,2
realm,2
reasonable,2
reasons,2
receive,2
recognised,2
recognising,2
recommends,2
reflecting,2
reflective,2
refrain,2
regardless,2
regards,2
regime,2
regional),2
registrars,2
regulated,2
reinforced,2
relate,2
relates,2
relations,2
relative,2
relegated,2
relying,2
repeat,2
replace,2
replacement,2
reports,2
reputation,2
requirement,2
researchers,2
respond,2
restriction,2
results,2
revenues,2
reviewed,2
revocation,2
rewards,2
rigid,2
rise,2
robert,2
robustness,2
routinely,2
routing,2
rural,2
safeguarded,2
safety,2
satellite,2
scientists,2
search,2
secondary,2
secretariat,2
sections,2
sector),2
seems,2
separately,2
serious,2
seriously,2
servios,2
sets,2
shareholders,2
shift,2
signed,2
simple,2
sit,2
sites,2
snowden,2
society),2
soliciting,2
solid,2
solues,2
solved,2
solving,2
someone,2
soon,2
specialization,2
specifically,2
sphere,2
stands,2
started,2
steering,2
stewardship,2
strategic,2
strategies,2
streamlining,2
stresses,2
strict,2
studied,2
subjects,2
submissions,2
subsequent,2
subset,2
substantial,2
substantive,2
sudan,2
sui,2
sum,2
summits,2
suppliers,2
surveyed,2
sustained,2
switching,2
synthesis,2
tackle,2
tackling,2
takes,2
target,2
tasks,2
teachers,2
tech,2
technically,2
technologically,2
techuk,2
tecnologia,2
telephony,2
test,2
themes,2
thing,2
thorough,2
thought,2
thrive,2
timeline,2
times,2
title,2
todays,2
totally,2
traditionally,2
trails,2
transmission,2
treaties,2
treaty,2
trend,2
trillion,2
truly,2
turned,2
un-linked,2
underpinned,2
underserved,2
understandings,2
unece,2
unesco,2
unilateral,2
union,2
universalization,2
universally,2
university,2
unlikely,2
unparalleled,2
unrestrictive,2
upholding,2
upper,2
uptake,2
urgent,2
usually,2
utility,2
utilizing,2
verification,2
veto,2
viability,2
violate,2
violating,2
violations,2
vis--vis,2
visit,2
weapons,2
website,2
websites,2
well-,2
wherever,2
whilst,2
whoever,2
wide-spectrum,2
wikipedia,2
wish,2
wishes,2
words,2
world's,2
written,2
yoo,2
zone,2
-country,1
-declaracion-montevideo,1
-going,1
-government,1
-lapping,1
-memory,1
-person,1
-step,1
??selected,1
?cisco,1
"""coexist""",1
"""country",1
"""enhanced",1
"""global",1
"""internet",1
"""multistakeholder""",1
"""open",1
"""recreation""",1
"""safe""",1
"""technology",1
"""think",1
"""unfit",1
(academia,1
(afpif),1
(april),1
(attack),1
(avg,1
(brazil,1
(byoc),1
(byod),1
(cabase),1
(ccia),1
(chair),1
(chile),1
(cirts),1
(civil,1
(cstd-wg,1
(data,1
(deloitte,1
(dns-ssr),1
(dns),1
(dsci),1
(dsl),1
(employees,1
(european,1
(existing,1
(first),1
(gac),1
(gcig),1
(gcsec),1
(government),1
(governments,1
(gtalk,1
(gtlds),1
(guadalajara,1
(hereafter,1
(hrc),1
(iap,1
(ig),1
(ii),1
(in,1
(intel,1
(international,1
(isdn),1
(isp),1
(isps),1
(ixp),1
(june),1
(latin,1
(legal),1
(level-playing-field),1
(like,1
(logs),1
(mlats)[,1
(ntld's),1
(ntp),1
(october,1
(omc),1
(open,1
(open-stand,1
(paypal),1
(pii),1
(possibly,1
(pr,1
(producers',1
(protect,1
(radio,1
(regional,1
(rio,1
(rirs),1
(see,1
(september),1
(singapore),1
(smartphones,1
(soa),1
(sopa),1
(source,1
(southern,1
(specially,1
(stakeholders,1
(submitted,1
(telecomm,1
(the,1
(tia),1
(top,1
(variable,1
(wgec),1
//content,1
//en,1
//goo,1
//mlat,1
/tunis//,1
aap,1
aarhus,1
ablf,1
abpd,1
absence,1
abuses,1
abusive,1
acceleration,1
accessnow,1
accomodate,1
accompanied,1
accomplish,1
acesso,1
achievements,1
acknowledged,1
acknowledging,1
acordos,1
acquainted,1
acquit,1
activated,1
actor,1
actual,1
ad-hoc,1
adapting,1
add,1
added,1
adequacy,1
adequados,1
adequately,1
adjust,1
adjustments,1
admin/social,1
adult,1
advantages,1
advento,1
adverse,1
advertising,1
advisable,1
advocated,1
aei,1
affects,1
affirmed,1
affirming,1
affordability,1
afnog,1
afrinic),1
again,1
agencies),1
agency,1
agendas,1
agent,1
aginpro,1
ago[,1
agreeable,1
agreeing,1
agrees,1
agriculture,1
aiming,1
alarm,1
algorithms,1
alliances,1
alongside,1
always-,1
amazingly,1
amazon,1
ambiguity,1
ambit,1
americas),1
amongst,1
amounts,1
amplified,1
amprofon,1
analogue,1
analyse,1
analysts,1
analyze,1
analyzed,1
analyzing,1
anarchic,1
ancestors,1
ancop,1
anita,1
announced,1
announcement,1
anonymnity,1
antiabuse,1
antitrust,1
antivirus,1
anymore,1
aos,1
apdif,1
appearing,1
appears,1
appettite,1
appliations,1
applicability,1
"applications""",1
applies,1
appropriated,1
approved,1
arabic,1
argentina,1
argentinean,1
arguably,1
argue,1
argues,1
armazenar,1
armies,1
arquitecture,1
arquitetura,1
arrangement,1
array,1
arrive,1
arsenal,1
art,1
articulated,1
artifacts,1
artificial,1
asap,1
asia,1
asia-pacific,1
asked,1
aspire,1
aspiring,1
assassins,1
assegurados,1
assess,1
assessed,1
assessment),1
assignment,1
assist,1
assistance,1
associate,1
associates,1
assortment,1
assume,1
assumptions,1
assured,1
astonishing,1
asymmetries,1
at&t,1
atividades,1
atlarge,1
atores,1
attack,1
attempt,1
attempting,1
attempts,1
attended,1
attitude,1
attract,1
attracted,1
atual,1
audiovisual,1
auspices,1
australia,1
authentic,1
authorities,1
automatic,1
automation,1
avenue,1
avert,1
avialbility,1
avidly,1
avoiding,1
avoids,1
backbone,1
backbones,1
backdrop,1
background,1
backstop,1
bad,1
badware,1
balizado,1
balkanization,1
balloons,1
ban,1
band,1
bank,1
barring,1
baseline,1
bases,1
battle,1
bearing,1
bedrooms,1
before,1
begins,1
behaviors,1
behaviours,1
beings,1
beleifs,1
belgium,1
belief,1
belizean,1
bello,1
bem,1
beneficiaries,1
benefited,1
benefiting,1
benign,1
bering,1
berlin,1
bertrand,1
bestowed,1
betterment,1
between,1
bilaterais,1
bills,1
black-listed,1
blocks,1
bog,1
bolstered,1
bolstering,1
bolts,1
bom,1
boost,1
border,1
bottleneck,1
bottoms-,1
boundaries,1
bounds,1
boycott,1
br/,1
br/res/,1
branches,1
brand,1
brand-damaging,1
brasscom,1
brief,1
briefly,1
broadcast,1
broadest,1
broken,1
brokerage,1
brokers/partners,1
bscap,1
building/training,1
buoys,1
burden,1
burdens,1
bureaucratic,1
busan,1
cabase,1
cafes,1
cal,1
call,1
calumnious,1
canadian,1
capazes,1
capif,1
capitalizing,1
carribean,1
carrying,1
catalysed,1
catalyst,1
catalyzing,1
category,1
ccia,1
censorship,1
censures,1
centered,1
centers,1
centralisation,1
centrality,1
centrally,1
centros,1
ceos,1
ceremonial,1
cerf,1
cerf/ryan/senges,1
chamber),1
chance,1
changer,1
channel,1
chapelle,1
characters,1
checks,1
chile,1
chilean,1
chinese,1
chip,1
chips,1
chrome,1
ciberbullyng,1
cidado,1
cidados,1
cinco,1
cinemagic,1
circulao,1
city,1
civilian,1
clac,1
clarified,1
clarity,1
clark,1
clashes,1
class,1
classify,1
clients,1
closer,1
cmpa,1
co-operation,1
coalition),1
coaltion,1
codes,1
coexist,1
cogens,1
coherence,1
collaborating,1
collaborations,1
collection,1
collections,1
collectives,1
colombia,1
com/insights/mgi/research/technology_and_innovation/internet_,1
combat,1
combated,1
combating,1
combatting,1
combination,1
comcast,1
comfortable,1
commend,1
commenters,1
commissionbut,1
commonly,1
communicated,1
communiqu,1
comparing,1
compatible,1
compelling,1
compensatory,1
compilation,1
complementary,1
complements,1
compliances,1
comply,1
comprehension,1
comprise,1
comprising,1
compromised,1
computao,1
computers,1
comunicaes,1
comunidades,1
conceived,1
conceiving,1
conception,1
conceptualization,1
conceptualized,1
conclude,1
concluding,1
condition,1
conduct,1
conducting,1
conducts,1
conferncia,1
confidential,1
configuring,1
conflict,1
confusion,1
congestion,1
connection,1
conquest,1
consecrated,1
consensus-making,1
consent,1
consequent,1
considerthe,1
consist,1
consistant,1
consistency,1
consists,1
consolidated,1
constantly,1
constitucionais,1
constituents,1
constitutionally,1
constrain,1
constrained,1
constructed,1
constructing,1
consultations,1
containing,1
conte,1
contedo,1
contemplem,1
contemporary,1
contentions,1
contested,1
continents,1
continents),1
continually,1
contracted,1
contractors,1
contratao,1
convene,1
convened,1
convening,1
"convergence""",1
converging,1
cooperate,1
cooperates,1
"cooperation""",1
cooperational,1
coordinated,1
corporations,1
corporatized,1
correct,1
corrective,1
correlation,1
correspondncia,1
coscap,1
cost-prohibitive,1
costa,1
costly,1
council),1
counsel,1
counter,1
counteract,1
counterproductive,1
countries),1
countries/economies,1
country-specific,1
counts,1
covered,1
creations,1
creators,1
credible,1
critically,1
criticised,1
critiquing,1
cross-section,1
crossborder,1
crosses,1
crossroads,1
crticised,1
cryptographic,1
cryptography,1
cuba,1
cud,1
cultures,1
cumbersome,1
curiosity,1
curtailed,1
curve,1
customer,1
cvil,1
cyber-attacks,1
cyber-crime,1
cyber-delinquency,1
cyber-heavens,1
cyber-insurgents,1
cybercrimes,1
cybercriminals,1
cyrillic,1
danger,1
dark,1
darknets,1
darpa,1
data-link,1
data),1
database,1
daunting,1
david,1
ddos,1
dearth,1
debating,1
decentralised,1
decentralize,1
decided,1
decision-taking,1
declining,1
decreasing,1
deepen,1
deepest,1
deeply,1
default,1
defended,1
deference,1
defining,1
delegated,1
deliberation,1
deliberations,1
delimiting,1
deliverables,1
delivered,1
demanding,1
democratization,1
democratize,1
democrtico,1
democrticos,1
demonstrate,1
denialofservice,1
denmark,1
denominator,1
dentro,1
departure,1
depicted,1
derail,1
derived,1
described,1
describing,1
desde,1
desempenhar,1
desempenho,1
desenvolvimento,1
deserve,1
designated,1
designating,1
desirable,1
desire,1
desires,1
desperate,1
dessa,1
deste,1
destroying,1
detective,1
determinao,1
determinations,1
determined,1
detract,1
detrimental,1
devastated,1
develops,1
deviate,1
device,1
dial-,1
dialogs,1
dialogue-centred,1
dialogues,1
diametrically,1
dictated,1
didn,1
differ,1
differences,1
differently,1
difficulty,1
digitization,1
dimensions,1
diplomatic,1
directing,1
disadvantages,1
disagreement,1
disclosed,1
disclosures,1
discomfort,1
disconnected,1
discontent,1
discouraged,1
discourse,1
discovery,1
discrete,1
discusso,1
disincentive,1
dislike,1
disney,1
dispersed,1
disponvel,1
disputed,1
disregard,1
disregarding,1
disrespect,1
disrupt,1
disrupted,1
disruption,1
disruptive,1
dissimilarities,1
distances,1
distil,1
distinguished,1
distinguishes,1
distort,1
distributing,1
disturbing,1
diverge,1
divergent),1
diverging,1
diversidade,1
diversification,1
diversify,1
dividing,1
dna),1
dns-ssr,1
dns),1
dnssec),1
dogmas,1
doing,1
dollars,1
domain-name,1
domestic,1
dominate,1
dominating,1
dot-com,1
download,1
drain,1
dramatic,1
drastically,1
drawing,1
drivers,1
drives,1
drop,1
drugs,1
dsci,1
duly,1
duplicate,1
duplicating,1
duplicative,1
duration,1
e-mail,1
earlier,1
earlystage,1
earth,1
east,1
ec),1
econmico,1
economical,1
ecossistema,1
ecuadorian,1
edge,1
edges,1
edit,1
educate,1
educating,1
edward,1
eff,1
efficacy,1
eficiente,1
eficientes,1
efta,1
eivada,1
elaboration,1
electricity,1
elementary,1
eliminate,1
else,1
eltrica,1
email,1
embody,1
embracing,1
emerge,1
emergence,1
emphasis,1
emphasised,1
emphasize,1
employ,1
employee,1
empowered,1
empowers,1
emprego,1
empresariais,1
empresas,1
enabler,1
enacted,1
encapsulating,1
encryption,1
end-user,1
endogenous,1
endorsing,1
energia,1
enforcing,1
engineers,1
enhances,1
enjoy,1
enjoyed,1
enormous,1
enquiries,1
enterprise-wide,1
enterprises),1
entitled,1
entity,1
entrant,1
entrenched,1
entrenches,1
entrepreneurial,1
entrepreneurship,1
enunciados,1
envisage,1
envisaged,1
envolvimento,1
equate,1
equilbrio,1
equipamentos,1
equity,1
erased,1
esa,1
esferas,1
especial,1
espouse,1
esprito,1
essencial,1
essentially,1
estado,1
estimated,1
estmulo,1
estratgico,1
etc),1
euros,1
evangelism,1
evangelists,1
events,1
everybody,1
everywhere,1
evidence,1
evidences,1
evolutionary,1
exactly,1
examination,1
examining,1
exams,1
excelncia,1
exchanged,1
exchanging,1
exclude,1
excludes,1
exclusively,1
excuse,1
execution,1
executive,1
exemplify,1
exempted,1
existed,1
existent,1
expecting,1
expended,1
expenses,1
expensive,1
explains,1
exploitations),1
exploratory,1
explored,1
explosion,1
exposed,1
expressed,1
expressive,1
extension,1
extensively,1
extraordinarily,1
extremely,1
fabio,1
faces,1
facets,1
facilitation,1
facilitator),1
facilities,1
facto,1
fails,1
fake,1
fare,1
farmers,1
favoring,1
favouring,1
favours,1
fear,1
feature,1
feedback,1
feeding,1
fellowships,1
fiapf,1
fiat,1
fiction,1
fifteen-plus,1
fifth,1
fifty,1
financially,1
finds,1
finite,1
finland,1
firm,1
firstly,1
fishermen,1
five-year,1
flexiblity,1
fluid,1
focous,1
follow-,1
fonotica,1
footnotes,1
fora?,1
forces,1
fore,1
foreign,1
foremost,1
forensic,1
forge,1
forma,1
formal,1
format,1
forming,1
fornecedor,1
fortalecimento,1
forthcoming,1
fortify,1
forty,1
founding,1
four-phase,1
fox,1
fragmentation,1
frame,1
framos@axur,1
france,1
frank,1
fraudulent,1
"free""",1
frontier,1
frustrate,1
fulsome,1
functionally,1
futher,1
futura,1
game,1
games,1
gaming,1
garb,1
gastos,1
gathered,1
gathering,1
gatt,1
gears,1
genuine,1
genuinely,1
geographically-focussed,1
geometry),1
germany),1
gesto,1
getting,1
gl),1
gl/d,1
globais,1
global_internet_time_of_day,1
globalise,1
globalizing,1
godaddy),1
goernance,1
goes,1
governamentais,1
governance-related,1
governance?,1
"governance""",1
governance),1
government-imposed,1
gradually,1
graft,1
grande,1
granting,1
granular,1
grapple,1
grasp,1
gratitude,1
greening,1
grievances,1
grooming,1
gsm,1
gtlds,1
guard,1
guardianship,1
guatemalan,1
guideline,1
guns,1
gurumurthy,1
hackativist,1
hallmarks,1
hamper,1
handheld,1
handled,1
handling,1
hands,1
handset,1
happened,1
happening,1
harassment,1
hardening,1
hardtoreach,1
harmfully,1
harmonising,1
harmonized,1
harmony,1
harness,1
heads,1
hear,1
heightening,1
helpaddress,1
helped,1
helps,1
hence,1
heterogeneous,1
hidden,1
hierarchical,1
hierarchy,1
high-speed,1
high-volume,1
highaltitude,1
highlighting,1
highlights,1
hinder,1
hindering,1
hindrance,1
hipteses,1
historic,1
hitherto,1
hkria,1
holding,1
hong,1
honors,1
honouring,1
hopeful,1
hosted,1
hosts,1
household,1
hrc,1
hrc),1
https,1
hubs,1
hugely,1
humanity,1
i-cube,1
ideal,1
idealized,1
idiom,1
idn(internationalized,1
ignore,1
ignored,1
igp,1
ilcita,1
ilicit,1
illustrative,1
image/brand,1
immediate,1
immediately,1
immense,1
impediments,1
imperative,1
implications,1
importncia,1
impossible),1
impressive,1
improves,1
in-country,1
inability,1
inaction,1
inaction),1
inapplicable,1
incentivize,1
inception,1
incidents,1
incluir,1
incompatible,1
incorporating,1
incremental,1
incumbent,1
independentes,1
india's,1
indian,1
indicates,1
indirect,1
indivisibility,1
indstria,1
industrial,1
industrialized,1
industries),1
industry-led,1
inequalities,1
inevitably,1
influential,1
info-sec,1
info/app,1
informed,1
infringe,1
inherently,1
inhibit,1
inhibiting,1
initiate,1
initiating,1
injury,1
innate,1
innocence,1
innovating,1
inovao,1
inputs,1
insecurity,1
inserted,1
inside,1
insider,1
insight,1
inspiration,1
instability,1
installations,1
installed,1
instantly,1
instil,1
instrumentos,1
insurances,1
int/wsis/docs,1
integrando,1
intensive,1
intent,1
inter,1
interagency,1
interchange,1
interconnecting,1
interessados,1
interestadual,1
interface,1
interfere,1
interminably,1
interna,1
internacionais,1
internationalise,1
internet-centric,1
internet-specific,1
internetworldstats,1
interoperate,1
interoperation,1
interplay,1
interpret,1
interpretations,1
interpretive,1
interrelated,1
interrelation,1
interrelationships,1
interruptions,1
intersts,1
intgovforum,1
intrinsically,1
invention,1
investigate,1
investigating,1
investigation,1
investigations,1
investors,1
invitation,1
invite,1
inviting,1
invoked,1
involves,1
ipa,1
ipv,1
iran,1
irrespective,1
isfe,1
iso),1
isolate,1
isolation,1
issued,1
issues),1
issuespecific,1
istanbul,1
italy,1
items,1
itu),1
ivf,1
jacquelynn,1
jamaica,1
jamms,1
janeiro),1
java,1
jeopardize,1
jeopardy,1
joining,1
jointly,1
july,1
juniper,1
jurdicos,1
juries,1
jurisdictional,1
jurors,1
jus,1
justice,1
justifications,1
justified,1
kampala,1
keen,1
keenly,1
keeping,1
keywords,1
kingdom),1
knots,1
know/understand,1
kong,1
korea,1
kroes,1
lactld,1
lagging,1
language,1
later,1
latin-america,1
latter,1
launched,1
laundering,1
laura,1
law),1
lawfulness,1
lay,1
laying,1
leadership,1
leak,1
leakage/loss,1
leaks,1
learn,1
leaves,1
left,1
legitimize,1
lei,1
lembrar,1
lend,1
less-inclusive,1
lessen,1
lesser,1
lessons,1
leve,1
leverage,1
leveraging,1
liaise,1
liberalisation,1
liberties,1
licenas,1
licensing,1
lies,1
lift,1
lightweight,1
like-minded,1
likelihood,1
limitation,1
line,1
linkedin,1
listed,1
literature,1
little,1
llp,1
local),1
local/global,1
localism,1
localities,1
locality,1
localize,1
localized,1
localizing,1
locally-used,1
locard,1
located,1
locations,1
london,1
london),1
looking,1
loon,1
lose,1
loser,1
lowcost,1
lower,1
lowered,1
lowest,1
ltd,1
ly/tv,1
ly/u,1
ly/uc,1
ly/ukg,1
macfee,1
macro,1
magnified,1
mainbody,1
mainstream,1
mainstreaming,1
maintained,1
maintains,1
mais,1
maker,1
malfeasance,1
malware,1
management),1
manager,1
maneira,1
manifest,1
manufacturers,1
manufacturing,1
manuteno,1
marcando,1
marginals,1
marked,1
markedly,1
market-driven,1
masks,1
mass-market,1
massively,1
matching,1
materials,1
mathematical,1
matria,1
matured,1
maturity,1
maybe,1
mcafee,1
mcse,1
mdias,1
meanings,1
measurement,1
mecanismos,1
mechnism,1
medidas,1
medium,1
meio,1
melhor,1
memberdriven,1
membership,1
menog),1
mere,1
met,1
metadata,1
methodically,1
micro,1
middle,1
migration,1
milestone,1
milestones,1
millioni,1
mindful,1
minimizing,1
minorities,1
minority,1
mirror,1
mischief,1
missiles,1
mistake,1
mistakes,1
misunderstood,1
mitigating,1
mittelstand,1
mix,1
mlats,1
mobility,1
modeled,1
modelo,1
modelshould,1
modernise,1
modifications,1
modify,1
moment,1
monitored,1
monopoly,1
month,1
moore,1
mores,1
morocco,1
mortality,1
motion,1
motivated,1
movies,1
mpaa,1
multi-lingual,1
multi-stakeholder-ism,1
multi-stakeholders,1
multilaterais,1
multilingualism,1
multimedia,1
multinational,1
multiplication,1
multistakeholderl,1
mundo,1
mural,1
museums,1
musical,1
mutual,1
name),1
nardis,1
narrowing,1
national/regional,1
navigable,1
navigating,1
nbcuniversal,1
nds,1
near,1
neccesary,1
necessarily,1
necessary?,1
neelie,1
negociadas,1
neighbouring,1
nesta,1
net/en/web/anuncios/,1
netherlands,1
netmundial-global,1
network-based,1
network),1
networks),1
newer,1
news,1
nigeria,1
noble,1
nollywood,1
nominal,1
nominees,1
nominet,1
non-consensual,1
non-english,1
non-exhaustive,1
non-governmental,1
non-locally-based,1
nor,1
normatively,1
norton,1
norway,1
noteworthy,1
nothing,1
notion,1
notoriety,1
notwithstanding,1
nova,1
november),1
nowadays,1
nurture,1
nuts,1
nuvem,1
objections,1
objects,1
obligation,1
obliging,1
observing,1
obsolescence,1
obtain,1
obtained,1
obvious,1
ocorra,1
odd-numbered,1
oed,1
oferecidos,1
offering,1
officials,1
old,1
omitted,1
omitting,1
one--many,1
one-sided,1
onerous,1
onto,1
onwards,1
ony,1
opaque,1
openly,1
opens,1
operators),1
opinies,1
optimize,1
oracle,1
oral,1
org,1
org/?page=a,1
org/cms/),1
org/env/pp/contentpp,1
org/env/pp/ppif,1
org/wiki/multistakeholder_governance_model,1
organisati,1
organisers,1
organismos,1
organization-,1
organized,1
organizing,1
organs,1
origination,1
orphan,1
orts,1
others),1
outdated,1
outpaced,1
outros,1
outstanding,1
overland,1
overlaps,1
overlook,1
overruling,1
oversee,1
overtake,1
overview,1
owned,1
owners,1
ownership,1
pablo,1
pag,1
panama,1
papel,1
paradigm,1
paraguay,1
parallel,1
pares,1
parks,1
parochial,1
partially,1
participantes,1
participated,1
participationall,1
participations,1
participativa,1
particular),1
partiesto,1
partnership,1
pas,1
pases,1
pass,1
passwords,1
pay,1
payment,1
pdf),1
pelos,1
penalties,1
pennsylvania,1
pepper,1
pepper@cisco,1
percentage,1
perceptions,1
perfectly,1
performers,1
performing,1
peril,1
permissible,1
permitiu,1
personal/corporate,1
personally,1
peruvian,1
pervasive,1
pessa,1
pessoa@axur,1
phenomenal,1
phonograms,1
php/,1
pick,1
picture,1
pii[,1
pipa,1
pipa),1
piracy,1
placed,1
places,1
placing,1
planning,1
player,1
players(level-playing-field),1
plenipot,1
pleno,1
plural,1
plurality,1
png),1
podendo,1
pointed,1
polices,1
policy/regulation,1
policyoriented,1
pool,1
poorly,1
popular,1
pornography,1
portals,1
pose,1
poses,1
possibly,1
potencial,1
potential),1
poverty,1
powers,1
practically,1
practice),1
preclude,1
predate,1
preferred,1
prejudice,1
premature,1
premise,1
premises,1
preparation,1
preparations,1
preparatory,1
preparing,1
prescribe,1
presents,1
preservao,1
press,1
pressing,1
presumption,1
preveem,1
preventing,1
previous,1
previstas,1
pricing,1
primates,1
primus,1
principais,1
prinicples),1
prior,1
priorities,1
prioritization,1
prioritize,1
priority,1
pro-competitive,1
proactive,1
problem-solving,1
procedural,1
procurement,1
produced,1
product,1
produzir,1
profession,1
profiles,1
profovi,1
programmes,1
progression,1
prohibited,1
proliferation,1
promise,1
proportional,1
proportionate,1
proposing,1
proposition,1
propositions,1
proprietary,1
prosperous,1
protectprivacy,1
protests,1
provisions,1
publishing,1
pure,1
purposed,1
pursued,1
pursuit,1
pushed,1
quasi-governmental,1
questionnaire,1
quick,1
r&d,1
raging,1
railroads,1
raised,1
raising,1
ram,1
ramos,1
random,1
ranks,1
rated,1
re-establish,1
rea,1
reaches,1
reactions,1
ready,1
reaffirmation,1
real-time,1
realidade,1
realigning,1
realized,1
realizes,1
realms,1
realplayer,1
reap,1
reassure,1
received,1
recognises,1
recommend,1
reconfiguring,1
records,1
redesign,1
redesigned,1
redistributing,1
reduces,1
reductions,1
redues,1
references,1
refined,1
regionally,1
regressive,1
regularly,1
regulations),1
reinforcement,1
reinforcing,1
relaes,1
relax,1
relegating,1
relevant),1
relevantes,1
reliable,1
religion,1
remaining,1
remanded,1
remediation,1
remedies,1
remedy,1
remotely,1
remove,1
removed,1
removing,1
renata,1
renewable,1
replaced,1
replacing,1
replicated,1
representao,1
representativeness,1
representativos,1
repression,1
repudiating,1
reputations,1
request,1
request(arq),1
resellers,1
reshape,1
resisted,1
resolving,1
respectful,1
respecting,1
respectively,1
respectively),1
respects,1
respeito,1
responded,1
responding,1
responsvel,1
restate,1
restoration,1
restraint,1
restrict,1
resultant,1
retained,1
rethink,1
rethought,1
rev,1
revealed?,1
revelations,1
revenue,1
revision,1
revolution,1
revolutionized,1
riaa,1
rias,1
rican,1
rich,1
richness,1
rim,1
rirs,1
rising,1
rit,1
riverine,1
roadmapabstract,1
roadmapping,1
robustas,1
room,1
rooted,1
routed,1
routers,1
rubric,1
ruff,1
rules/norms,1
run,1
sacrificing,1
safact,1
safeguarding,1
safeguards,1
safer,1
sale,1
salvadorian,1
salvo,1
satellites),1
satisfied,1
saying,1
says,1
scalable,1
scales,1
scenarios,1
scene,1
scheduled,1
schemes,1
scholars,1
searching,1
secondly,1
secrecy,1
sector-,1
security),1
seem,1
segment,1
seguintes,1
seja,1
selected,1
selecting,1
semiconductor,1
send,1
sending-party-pays,1
sensible,1
sensitive,1
separated,1
separating,1
sero,1
server(s),1
services),1
servidores,1
serving,1
session,1
settings,1
sgp,1
shakes,1
shaped,1
sheer,1
shop,1
shouldn,1
showed,1
sicav,1
sights,1
sigilo,1
significativas,1
sim-enabled,1
simpler,1
simplification,1
simultaneously,1
sincere,1
sincerely,1
sindicato,1
sipa,1
sistemas,1
situando-se,1
six,1
size,1
sized,1
sjw,1
skilled,1
skills,1
skyrocketing,1
"small""",1
smaller,1
smart,1
smes,1
sob,1
sobre,1
sociais,1
sociedade,1
societal/development,1
socio,1
socioeconmicas,1
sodinpro,1
soldiers,1
somehow,1
somexfon,1
sopa,1
soprofon,1
sought,1
sovereignity,1
spaces,1
spain,1
spam,1
spanning,1
spare,1
spawning,1
special,1
specializations,1
species,1
spectrum),1
spheres,1
spirits,1
spokesman,1
sponsored,1
spreading,1
squarely,1
ssr,1
stack,1
staff,1
stakeholderneeds,1
standard-based,1
standardisation,1
standardize,1
standardized,1
standing,1
stark,1
static,1
stato,1
steady,1
steal,1
steam,1
steamships,1
stewards,1
stifle,1
stifling,1
stimulating,1
stock,1
stockholders,1
stonger,1
stony,1
stopped,1
stopping,1
store,1
stored,1
straightforward,1
strata,1
stray,1
streamline,1
strictly,1
strides,1
strive,1
striving,1
struggling,1
students,1
stymie,1
sub-optimal,1
subjected,1
subjecting,1
submarine,1
subordinated,1
subscriber,1
substitutes,1
subtypes,1
successfully,1
sudanese,1
suffer,1
suffice,1
sufficient,1
suggesting,1
suma,1
summarize,1
summarized,1
sun,1
sunk,1
sunshine,1
supplement,1
supply,1
supporters,1
surface,1
surgimento,1
surprising,1
surrounding,1
sustain,1
sustaining,1
sweden,1
sweeping,1
swift,1
swiftly,1
switzerland,1
tablets,1
tais,1
taiwan,1
talent,1
talented,1
talk,1
tank,1
tanks,1
targeting,1
tariffs,1
taskforces,1
tast,1
tcp/ip,1
teach,1
teca,1
technician,1
techniques,1
technology-neutral,1
tecnolgica,1
tecnolgicas,1
teenagers,1
telcos,1
tele-education,1
telecomunicaes,1
telemedicine,1
television,1
temporary,1
ten,1
tend,1
tenet,1
termination,1
territorial,1
terrorist,1
tested,1
thai,1
thecontext,1
theme,1
theory,1
thereof,1
thirds,1
thoroughly,1
though,1
thought-,1
thoughtful,1
thoughtfully,1
thoughts,1
threatening,1
three-level,1
throttles,1
through,1
ti),1
tied,1
tiers,1
timeframe,1
timelines,1
tlds,1
toda,1
today's,1
todos,1
tomorrow,1
topology,1
tornou,1
touching,1
trace,1
track,1
tracking,1
tractable,1
trade-offs,1
trading,1
tradition,1
transborder,1
transform,1
transformation,1
transformational,1
transformed,1
transforming,1
transition,1
transmit,1
transparentes,1
traverses,1
traz,1
treasures,1
treasury,1
treat,1
treating,1
treatments,1
tremendous,1
trends,1
tributary,1
tried,1
trivial,1
trouxe,1
trusted,1
trying,1
turkey,1
turning,1
turnover,1
twenty-first,1
twitter,1
typical,1
ubiquity,1
uganda,1
ultimate,1
ultimately,1
uma,1
unauthorized,1
uncensored,1
uncertainty),1
unchartered,1
unconscious,1
unctad,1
under,1
underline,1
underlining,1
undermining,1
underpins,1
underrepresented,1
underscore,1
understands,1
undesirable,1
undue,1
unequal,1
unequivocal,1
unequivocally,1
unfortunately,1
unfragmented,1
unheard,1
unified,1
uniformity,1
unimaginable,1
unimpro,1
unitary,1
uniting,1
universe,1
unless,1
unlike,1
unlocks,1
unmeasurable,1
unproductiveness,1
unquestionably,1
unregulated,1
unresolved,1
unrestricted,1
unserved,1
unsophisticated,1
unthinkable,1
unused,1
unwavering,1
uphold,1
urgently,1
uruguayan,1
usd,1
use/commerce,1
used[,1
usefulness,1
uso,1
usual,1
utilize,1
utilized,1
validated,1
valued,1
values??,1
vantage,1
varied,1
vary,1
varying,1
vasconcellos,1
vast,1
veiled,1
vein,1
vem,1
vendors,1
vernacular,1
versions,1
versions),1
vertiginous,1
vet,1
viable,1
vibrancy,1
vice,1
vice-versa,1
videoconferencing,1
videos,1
viewpoint,1
vinton,1
virtual,1
virtually,1
viruses,1
voiced,1
voiceless,1
volume,1
volunteer,1
vote,1
vulgarizes,1
vulnerabilities,1
vulnerable,1
walt,1
warlike,1
warner,1
warrant,1
warranted,1
wcit,1
weaken,1
weakening,1
weakens,1
weaker,1
weakest,1
weakness,1
wealth,1
weapon,1
weather,1
web-browsing,1
web/mobile-based,1
week,1
welcomed,1
well-informed,1
wellbeing,1
went,1
wgec,1
whenever,1
whereas,1
which,1
whichever,1
white,1
white-house,1
whitt,1
wholesale,1
whom,1
whose,1
why,1
widening,1
winner,1
wireline,1
wiretapping,1
wisdom,1
witsa_members_,1
won,1
workers),1
workshops,1
"world""",1
worse,1
worthwhile,1
would,1
wsis+,1
wtpf,1
yale,1
young,1
yours,1
youth,1
brics,0
